<?xml version="1.0" encoding="UTF-8" ?>
<!DOCTYPE mapper PUBLIC "-//mybatis.org//DTD Mapper 3.0//EN" "http://mybatis.org/dtd/mybatis-3-mapper.dtd" >
<mapper namespace="com.wl.mapper.AdminMapper">
    <select id="findAll" resultType="com.wl.entity.Admin">
        SELECT * FROM Admins
    </select>

    <select id="findById" parameterType="long" resultType="com.wl.entity.Admin">
        SELECT * FROM Admins WHERE admin_id = #{id}
    </select>

    <insert id="insert" parameterType="com.wl.entity.Admin">
        INSERT INTO Admins (username, password)
        VALUES (#{username}, #{password})
    </insert>

    <update id="update" parameterType="com.wl.entity.Admin">
        UPDATE Admins SET username = #{username}, password = #{password}
        WHERE admin_id = #{adminId}
    </update>

    <delete id="deleteById" parameterType="long">
        DELETE FROM Admins WHERE admin_id = #{id}
    </delete>
</mapper>