<?xml version="1.0" encoding="UTF-8" ?>
<!DOCTYPE mapper PUBLIC "-//mybatis.org//DTD Mapper 3.0//EN" "http://mybatis.org/dtd/mybatis-3-mapper.dtd" >
<mapper namespace="com.wl.mapper.AgencyUserMapper">
    <select id="findAll" resultType="com.wl.entity.AgencyUser">
        SELECT * FROM AgencyUsers
    </select>

    <select id="findById" parameterType="long" resultType="com.wl.entity.AgencyUser">
        SELECT * FROM AgencyUsers WHERE agency_user_id = #{id}
    </select>

    <insert id="insert" parameterType="com.wl.entity.AgencyUser">
        INSERT INTO AgencyUsers (agency_id, user_id, document_status)
        VALUES (#{agencyId}, #{userId}, #{documentStatus})
    </insert>

    <update id="update" parameterType="com.wl.entity.AgencyUser">
        UPDATE AgencyUsers SET agency_id = #{agencyId}, user_id = #{userId}, document_status = #{documentStatus}
        WHERE agency_user_id = #{agencyUserId}
    </update>
    <update id="updateApplicationStatus">
        UPDATE UserAgencyBindings
        SET status = #{status}
        WHERE user_id = #{userId}
    </update>

    <delete id="deleteById" parameterType="long">
        DELETE FROM AgencyUsers WHERE agency_user_id = #{id}
    </delete>
</mapper>