<?xml version="1.0" encoding="UTF-8" ?>
<!DOCTYPE mapper PUBLIC "-//mybatis.org//DTD Mapper 3.0//EN" "http://mybatis.org/dtd/mybatis-3-mapper.dtd" >
<mapper namespace="com.wl.mapper.UniversityMapper">
    <select id="findAll" resultType="com.wl.entity.University">
        SELECT * FROM Universities
    </select>

    <select id="findById" parameterType="long" resultType="com.wl.entity.University">
        SELECT * FROM Universities WHERE university_id = #{id}
    </select>

    <insert id="insert" parameterType="com.wl.entity.University">
        INSERT INTO Universities (name, location, ranking, majors, admission_requirements, application_deadline, application_tips)
        VALUES (#{name}, #{location}, #{ranking}, #{majors}, #{admissionRequirements}, #{applicationDeadline}, #{applicationTips})
    </insert>

    <update id="update" parameterType="com.wl.entity.University">
        UPDATE Universities SET name = #{name}, location = #{location}, ranking = #{ranking},
                                majors = #{majors}, admission_requirements = #{admissionRequirements}, application_deadline = #{applicationDeadline},
                                application_tips = #{applicationTips}
        WHERE university_id = #{universityId}
    </update>

    <delete id="deleteById" parameterType="long">
        DELETE FROM Universities WHERE university_id = #{id}
    </delete>
</mapper>