<?xml version="1.0" encoding="UTF-8" ?>
<!DOCTYPE mapper PUBLIC "-//mybatis.org//DTD Mapper 3.0//EN" "http://mybatis.org/dtd/mybatis-3-mapper.dtd" >
<mapper namespace="com.wl.mapper.UserAgencyBindingMapper">
    <!-- 绑定用户与中介 -->
    <insert id="bindUserToAgency">
        INSERT INTO UserAgencyBindings (user_id, agency_user_id, status)
        VALUES (#{userId}, #{agencyUserId}, 0)
    </insert>

    <!-- 获取用户申请状态 -->
    <select id="getApplicationStatus" resultType="java.lang.Integer">
        SELECT status FROM UserAgencyBindings WHERE user_id = #{userId}
    </select>

    <!-- 更新用户申请 -->
    <update id="updateApplicationStatus" parameterType="com.wl.entity.UserAgencyBinding">
        UPDATE UserAgencyBindings
        SET status = #{status}
        WHERE user_id = #{userId} AND agency_user_id = #{agencyUserId}
    </update>
    <update id="bindAgencyUser">
        UPDATE UserAgencyBindings
        SET agency_user_id = #{agencyUserId}
        WHERE user_id = #{userId}
    </update>
    <!--<update id="updateApplication">-->

    <!--</update>-->
    <resultMap id="UserAgencyBindingMap" type="com.wl.entity.UserAgencyBinding">
        <id property="userId" column="user_id" />
        <result property="username" column="username" />
        <result property="university" column="university" />
        <result property="document" column="document" />
        <result property="status" column="status" />
    </resultMap>

    <select id="findAll" resultMap="UserAgencyBindingMap">
        SELECT * FROM UserAgencyBindings
    </select>
</mapper>