<?xml version="1.0" encoding="UTF-8" ?>
<!DOCTYPE mapper PUBLIC "-//mybatis.org//DTD Mapper 3.0//EN" "http://mybatis.org/dtd/mybatis-3-mapper.dtd">
<mapper namespace="com.wl.mapper.UserMapper">

    <resultMap id="userResultMap" type="com.wl.entity.User">
        <id property="userId" column="user_id" />
        <result property="username" column="username" />
        <result property="password" column="password" />
        <result property="email" column="email" />
        <result property="applicationStatus" column="application_status" />
        <result property="role" column="role" />
        <!-- 其他字段的映射 -->
    </resultMap>

    <select id="findAll" resultType="com.wl.entity.User">
        SELECT user_id AS userId,Users.* FROM Users
    </select>

    <select id="findById" parameterType="long" resultType="com.wl.entity.User">
        SELECT user_id AS userId,Users.* FROM Users WHERE user_id = #{id}
    </select>

    <insert id="insert" parameterType="com.wl.entity.User"  useGeneratedKeys="true" keyProperty="userId">
        INSERT INTO Users (username, password, email, application_status, role)
        VALUES (#{username}, #{password}, #{email}, #{applicationStatus}, #{role})
    </insert>

    <update id="update" parameterType="com.wl.entity.User">
        UPDATE Users
        SET username = #{username},
            password = #{password},
            email = #{email},
            application_status = #{applicationStatus},
            role = #{role}
        WHERE user_id = #{userId}
    </update>


    <delete id="deleteById" parameterType="long">
        DELETE FROM Users WHERE user_id = #{id}
    </delete>
    <!--<select id="findByUsername" parameterType="String" resultType="com.wl.entity.User">-->
    <!--    SELECT * FROM Users WHERE username = #{username}-->
    <!--</select>-->
    <!-- 在UserMapper.xml中绑定中介用户的实现 -->
    <update id="bindAgencyUser">
        UPDATE UserAgencyBindings
        SET agency_user_id = #{agencyUserId}
        WHERE user_id = #{userId}
    </update>

    <!-- 在UserMapper.xml中更新申请状态的实现 -->
    <update id="updateApplicationStatus">
        UPDATE UserAgencyBindings
        SET status = #{status}
        WHERE user_id = #{userId}
    </update>

    <!--<select id="findByUsername" parameterType="String" resultMap="userResultMap">-->
    <!--    SELECT user_id, username, password, email, application_status, role FROM Users WHERE username = #{username}-->
    <!--</select>-->


</mapper>
